City,URL
Барановичи,https://yandex.by/pogoda/baranavichy?via=reg
Барановичи,https://yandex.by/pogoda/baranovichi?via=reg
Барань,https://yandex.by/pogoda/baran?via=reg
Бегомль,https://yandex.by/pogoda/begoml?via=reg
Беларусь,https://yandex.by/pogoda/belarus?via=reg
"Белёв, Морохоровский сельсовет",https://yandex.by/pogoda/belev?via=reg
Белоозёрск,https://yandex.by/pogoda/beloozyorsk?via=reg
Белыничи,https://yandex.by/pogoda/bialynichy?via=reg
Березино,https://yandex.by/pogoda/berezino?via=reg
Березино,https://yandex.by/pogoda/berezino-berezinsky-selsoviet?via=reg
Берестье,https://yandex.by/pogoda/berestye?via=reg
"Берёза, Берёзовский сельсовет",https://yandex.by/pogoda/beryoza?via=reg
"Берёзовка, Лидский район",https://yandex.by/pogoda/beryozovka-grodno-district?via=reg
Бешенковичи,https://yandex.by/pogoda/beshankovichy?via=reg
Бобр,https://yandex.by/pogoda/bobr?via=reg
Бобровичи,https://yandex.by/pogoda/bobrovichi?via=reg
Бобруйск,https://yandex.by/pogoda/bobruisk?via=reg
Богино,https://yandex.by/pogoda/bogino?via=reg
Богушевичи,https://yandex.by/pogoda/bogushevichi?via=reg
Богушевск,https://yandex.by/pogoda/bogushevsk?via=reg
Большая Берестовица,https://yandex.by/pogoda/bolshaya-berestovitsa?via=reg
Большие Чучевичи,https://yandex.by/pogoda/bolshiye-chuchevichi?via=reg
Борисов,https://yandex.by/pogoda/borisov?via=reg
Бочейково,https://yandex.by/pogoda/bocheykovo?via=reg
Брагин,https://yandex.by/pogoda/bragin?via=reg
Браслав,https://yandex.by/pogoda/braslav?via=reg
Браславская Лука,https://yandex.by/pogoda/braslavskaya-luka?via=reg
Брест,https://yandex.by/pogoda/brest?via=reg
Брянск,https://yandex.by/pogoda/bryansk-botvinovskij-selsovet?via=reg
Буда-Кошелёво,https://yandex.by/pogoda/buda-koshelyovo?via=reg
Бытень,https://yandex.by/pogoda/byten?via=reg
Быхов,https://yandex.by/pogoda/bikhov?via=reg
"Василевичи, Речицкий район",https://yandex.by/pogoda/vassilyevichy?via=reg
Великие Луки,https://yandex.by/pogoda/velikie-luki?via=reg
Вересница,https://yandex.by/pogoda/veresnitsa?via=reg
Верхнедвинск,https://yandex.by/pogoda/verkhnedvinsk?via=reg
"Ветка, Ветковский район",https://yandex.by/pogoda/vetka?via=reg
"Ветрино, Полоцкий район",https://yandex.by/pogoda/vetrino?via=reg
Ветчин,https://yandex.by/pogoda/vetchin?via=reg
Видзы,https://yandex.by/pogoda/vidzy?via=reg
Вилейка,https://yandex.by/pogoda/vileyka?via=reg
Витебск,https://yandex.by/pogoda/vitebsk?via=reg
Волка,https://yandex.by/pogoda/volka-borovskoy-selsovet?via=reg
Волковыск,https://yandex.by/pogoda/vawkavysk?via=reg
Воложин,https://yandex.by/pogoda/volozhin?via=reg
Ворняны,https://yandex.by/pogoda/vornyany?via=reg
Вороново,https://yandex.by/pogoda/voronovo-grodno-region?via=reg
Воропаево,https://yandex.by/pogoda/voropaevo-voropaevsky-selsovet?via=reg
"Высокое, Каменецкий район",https://yandex.by/pogoda/visokoye?via=reg
Ганцевичи,https://yandex.by/pogoda/gancevichi?via=reg
"Ганцевичи, Каменский сельсовет",https://yandex.by/pogoda/gantsevichi-kamenskiy-selsovet?via=reg
Глебковичи,https://yandex.by/pogoda/glebkovichi?via=reg
Глубокое,https://yandex.by/pogoda/glubokoye?via=reg
Глуск,https://yandex.by/pogoda/glusk?via=reg
Глушковичи,https://yandex.by/pogoda/glushkovichi?via=reg
Гожа,https://yandex.by/pogoda/gozha?via=reg
Гольшаны,https://yandex.by/pogoda/golshany?via=reg
Гомель,https://yandex.by/pogoda/gomel?via=reg
Гомель,https://yandex.by/pogoda/gomel-gomelsky-selsovet?via=reg
"Горки, Горецкий район",https://yandex.by/pogoda/gorki?via=reg
"Городец, Лужковский сельсовет",https://yandex.by/pogoda/gorodec-luzhkovsky-selsovet?via=reg
"Городище, Бокшицкий сельсовет",https://yandex.by/pogoda/gorodishe?via=reg
Городок,https://yandex.by/pogoda/gorodok?via=reg
Гродно,https://yandex.by/pogoda/grodno?via=reg
Гроза,https://yandex.by/pogoda/groza?via=reg
Давид-Городок,https://yandex.by/pogoda/david-gorodok?via=reg
Дараганово,https://yandex.by/pogoda/daraganovo?via=reg
Дзержинск,https://yandex.by/pogoda/dzerzhinsk?via=reg
Дисна,https://yandex.by/pogoda/dzisna?via=reg
Дмитровичи,https://yandex.by/pogoda/dmitrovichi-dmitrovichskiy-selsovet?via=reg
Днепр,https://yandex.by/pogoda/dnepr?via=reg
"Добруш, Добрушский район",https://yandex.by/pogoda/dobrush?via=reg
"Добруш, Руднемаримоновский сельсовет",https://yandex.by/pogoda/dobrush-rudnemarimonovsky-selsovet?via=reg
Довск,https://yandex.by/pogoda/dovsk?via=reg
Докшицы,https://yandex.by/pogoda/dokshitsi?via=reg
Домачево,https://yandex.by/pogoda/domachevo?via=reg
Дретунь,https://yandex.by/pogoda/dretun?via=reg
Дрибин,https://yandex.by/pogoda/dribin?via=reg
Дрогичин,https://yandex.by/pogoda/drogichin?via=reg
Друя,https://yandex.by/pogoda/druya?via=reg
Дубровно,https://yandex.by/pogoda/dubrovno?via=reg
"Дунай, Кривский сельсовет",https://yandex.by/pogoda/dunaj?via=reg
Дятлово,https://yandex.by/pogoda/diatlovo?via=reg
Езерище,https://yandex.by/pogoda/yezerishe?via=reg
Ельск,https://yandex.by/pogoda/elsk?via=reg
Жабинка,https://yandex.by/pogoda/zhabinka?via=reg
Ждановичи,https://yandex.by/pogoda/zhdanovichi?via=reg
Жировичи,https://yandex.by/pogoda/zhirovichi?via=reg
Житковичи,https://yandex.by/pogoda/zhytkavichy?via=reg
Жлобин,https://yandex.by/pogoda/zhlobin?via=reg
Жодино,https://yandex.by/pogoda/zhodzina?via=reg
Занарочь,https://yandex.by/pogoda/zanaroch?via=reg
Заславль,https://yandex.by/pogoda/zaslavl?via=reg
Заслоново,https://yandex.by/pogoda/zaslonovo?via=reg
Зелёный Бор,https://yandex.by/pogoda/zeliony-bor?via=reg
"Зельва, Зельвенский район",https://yandex.by/pogoda/zelva?via=reg
"Зельва, Зельвенский сельсовет",https://yandex.by/pogoda/zelva-zelvenskij-selsovet?via=reg
Иваново,https://yandex.by/pogoda/ivanovo-brest-district?via=reg
Ивацевичи,https://yandex.by/pogoda/ivacevichi?via=reg
Ивье,https://yandex.by/pogoda/ivje?via=reg
Кавказ,https://yandex.by/pogoda/kavkaz-vornovsky-selsovet?via=reg
Калинковичи,https://yandex.by/pogoda/kalinovichi?via=reg
Каменец,https://yandex.by/pogoda/kamenec?via=reg
Каменюки,https://yandex.by/pogoda/kamenyuky?via=reg
Киров,https://yandex.by/pogoda/kirov-kirovsky-selsovet?via=reg
Кировск,https://yandex.by/pogoda/kirovsk-moguilev-district?via=reg
Клецк,https://yandex.by/pogoda/kletsk?via=reg
Климовичи,https://yandex.by/pogoda/klimovichi?via=reg
"Климовичи, Климовичский район",https://yandex.by/pogoda/klimavichy?via=reg
Кличев,https://yandex.by/pogoda/klichev?via=reg
Кобрин,https://yandex.by/pogoda/kobrin?via=reg
Козловщина,https://yandex.by/pogoda/kozlovshchina?via=reg
Комарин,https://yandex.by/pogoda/komarin?via=reg
Копыль,https://yandex.by/pogoda/kopil?via=reg
Кореличи,https://yandex.by/pogoda/korelichi?via=reg
"Корма, Кормянский район",https://yandex.by/pogoda/korma?via=reg
Коссово,https://yandex.by/pogoda/kossovo?via=reg
Костюковичи,https://yandex.by/pogoda/kostyukovichi?via=reg
Котельники,https://yandex.by/pogoda/kotelniki?via=reg
Красная Поляна,https://yandex.by/pogoda/krasnaya-polyana-malozhinsky-selsovet?via=reg
Красная Слобода,https://yandex.by/pogoda/krasnaya-sloboda-krasnoslobodsky-selsovet?via=reg
Краснополье,https://yandex.by/pogoda/krasnopolie?via=reg
"Краснополье, Краснопольский район",https://yandex.by/pogoda/krasnopolje?via=reg
Красносельский,https://yandex.by/pogoda/krasnoselsky?via=reg
Красный Берег,https://yandex.by/pogoda/krasny-bereg?via=reg
Криница,https://yandex.by/pogoda/krynitsa?via=reg
Кричев,https://yandex.by/pogoda/krichev?via=reg
"Круглое, Круглянский район",https://yandex.by/pogoda/krugloye-moguilev-region?via=reg
Крупки,https://yandex.by/pogoda/krupki?via=reg
Курган,https://yandex.by/pogoda/kurgan-moiseyevshchinskiy-selsovet?via=reg
Лапичи,https://yandex.by/pogoda/lapichi-lapichsky-selsovet?via=reg
Лельчицы,https://yandex.by/pogoda/lelchitsi?via=reg
Лепель,https://yandex.by/pogoda/lepel?via=reg
Лесной,https://yandex.by/pogoda/lesnoy-borovlyanskiy-selsovet?via=reg
Лида,https://yandex.by/pogoda/lida?via=reg
Лиозно,https://yandex.by/pogoda/liozno?via=reg
Логойск,https://yandex.by/pogoda/logoysk?via=reg
Лоев,https://yandex.by/pogoda/loev?via=reg
Лунинец,https://yandex.by/pogoda/luninets?via=reg
Лынтупы,https://yandex.by/pogoda/lintupi?via=reg
"Любань, Любанский район",https://yandex.by/pogoda/lyuban-belarus?via=reg
Людвиново,https://yandex.by/pogoda/lyudvinovo-berestovitsky-selsovet?via=reg
"Лясковичи, Лясковичский сельсовет",https://yandex.by/pogoda/lyaskovichi?via=reg
"Ляховичи, Ляховичский район",https://yandex.by/pogoda/lyakhovichi?via=reg
Малорита,https://yandex.by/pogoda/malaryta?via=reg
Малые Лётцы,https://yandex.by/pogoda/maliye-lyotsy?via=reg
Мальковичи,https://yandex.by/pogoda/malkovichi?via=reg
Марьина Горка,https://yandex.by/pogoda/marjina-gorka?via=reg
Микашевичи,https://yandex.by/pogoda/mikashevichi?via=reg
Микуличи,https://yandex.by/pogoda/mikulichi-burkovsky-selsovet?via=reg
Милошевичи,https://yandex.by/pogoda/miloshevichi?via=reg
Минск,https://yandex.by/pogoda/minsk?via=reg
Миоры,https://yandex.by/pogoda/miory?via=reg
Мир,https://yandex.by/pogoda/mir-grodno-region?via=reg
Могилёв,https://yandex.by/pogoda/mogilev?via=reg
Мозырь,https://yandex.by/pogoda/mozyr?via=reg
Молодечно,https://yandex.by/pogoda/molodcheno?via=reg
Мосты,https://yandex.by/pogoda/mosti?via=reg
Мотоль,https://yandex.by/pogoda/motol?via=reg
Мстиславль,https://yandex.by/pogoda/mstsislaw?via=reg
Мядель,https://yandex.by/pogoda/myadel?via=reg
Наровля,https://yandex.by/pogoda/narovlya?via=reg
"Нарочь, Мядельский район",https://yandex.by/pogoda/naroch?via=reg
"Нарочь, Нарочанский сельсовет",https://yandex.by/pogoda/naroch-narochanskiy-selsovet?via=reg
"Нарочь, Нарочский сельсовет",https://yandex.by/pogoda/naroch-narochskiy-selsovet?via=reg
Несвиж,https://yandex.by/pogoda/nesvizh?via=reg
Новогрудок,https://yandex.by/pogoda/novogrudok?via=reg
Новоельня,https://yandex.by/pogoda/novoelnya?via=reg
Новолукомль,https://yandex.by/pogoda/novolukoml?via=reg
Новополоцк,https://yandex.by/pogoda/navapolatsk?via=reg
Оболь,https://yandex.by/pogoda/obol?via=reg
Озерница,https://yandex.by/pogoda/ozernica?via=reg
"Октябрь, Октябрьский сельсовет",https://yandex.by/pogoda/oktyabr?via=reg
Октябрьский,https://yandex.by/pogoda/oktyabrsky-gomel-region?via=reg
Ольшаны,https://yandex.by/pogoda/olshany-olshanskiy-selsovet?via=reg
Опса,https://yandex.by/pogoda/opsa?via=reg
"Орёл, Карповский сельсовет",https://yandex.by/pogoda/orel-karpovsky-selsovet?via=reg
Орля,https://yandex.by/pogoda/orlya-orlevskij-selsovet?via=reg
Орша,https://yandex.by/pogoda/orsha?via=reg
Освея,https://yandex.by/pogoda/osveya?via=reg
Осиповичи,https://yandex.by/pogoda/asipovichy?via=reg
Осиповичи,https://yandex.by/pogoda/osipovichi?via=reg
"Остров, Поболовский сельсовет",https://yandex.by/pogoda/ostrov-pobolovsky-selsovet?via=reg
Островец,https://yandex.by/pogoda/ostrovets?via=reg
Ошмяны,https://yandex.by/pogoda/ashmyany?via=reg
Папанин,https://yandex.by/pogoda/papanin?via=reg
Париж,https://yandex.by/pogoda/pariz?via=reg
Петриков,https://yandex.by/pogoda/petrykaw?via=reg
Пинск,https://yandex.by/pogoda/pinsk?via=reg
Плещеницы,https://yandex.by/pogoda/pleschenitsy?via=reg
Плиса,https://yandex.by/pogoda/plissa?via=reg
Подсвилье,https://yandex.by/pogoda/podsvilie?via=reg
Полонка,https://yandex.by/pogoda/polonka?via=reg
Полоцк,https://yandex.by/pogoda/polotsk?via=reg
Поречье,https://yandex.by/pogoda/poreche?via=reg
Поставы,https://yandex.by/pogoda/pastavy?via=reg
Приморье,https://yandex.by/pogoda/primorye-papernyanskiy-selsovet?via=reg
Приозёрная,https://yandex.by/pogoda/priozernaya-dobreysky-selsovet?via=reg
Пружаны,https://yandex.by/pogoda/pruzhany?via=reg
Пуховичи,https://yandex.by/pogoda/puhovitchi?via=reg
Радошковичи,https://yandex.by/pogoda/radashkovichy?via=reg
Раков,https://yandex.by/pogoda/rakov-rakovskiy-selsovet?via=reg
Раубичи,https://yandex.by/pogoda/raubichi?via=reg
Речица,https://yandex.by/pogoda/rechitsa?via=reg
Рогачёв,https://yandex.by/pogoda/rogachev?via=reg
Россоны,https://yandex.by/pogoda/rossoni?via=reg
Россь,https://yandex.by/pogoda/ross?via=reg
Руденск,https://yandex.by/pogoda/rudensk?via=reg
Ружаны,https://yandex.by/pogoda/ruzhany?via=reg
Саки,https://yandex.by/pogoda/saki?via=reg
Саки,https://yandex.by/pogoda/saki-khmelevskiy-selsovet?via=reg
Светлогорск,https://yandex.by/pogoda/svetlahorsk?via=reg
Свислочь,https://yandex.by/pogoda/svisloch?via=reg
Сенно,https://yandex.by/pogoda/senno?via=reg
Синкевичи,https://yandex.by/pogoda/sinkevichi?via=reg
Скидель,https://yandex.by/pogoda/skidel?via=reg
Славгород,https://yandex.by/pogoda/slavgorod-belarus?via=reg
Слоним,https://yandex.by/pogoda/slonim?via=reg
Слуцк,https://yandex.by/pogoda/slutsk?via=reg
Смолевичи,https://yandex.by/pogoda/smolevichi?via=reg
Сморгонь,https://yandex.by/pogoda/smarhon?via=reg
Снеги,https://yandex.by/pogoda/snegi?via=reg
Солигорск,https://yandex.by/pogoda/salihorsk?via=reg
Солоники,https://yandex.by/pogoda/soloniki?via=reg
Солы,https://yandex.by/pogoda/soly?via=reg
Старобин,https://yandex.by/pogoda/starobin?via=reg
"Староселье, Кошелёвский сельсовет",https://yandex.by/pogoda/staroselie-koshelevsky-selsovet?via=reg
"Старые Дороги, Стародорожский район",https://yandex.by/pogoda/starie-dorogi?via=reg
Столбцы,https://yandex.by/pogoda/stolbtsy?via=reg
Столин,https://yandex.by/pogoda/stolin?via=reg
Студеная Гута,https://yandex.by/pogoda/studenaya-guta?via=reg
Сураж,https://yandex.by/pogoda/surazh?via=reg
Телеханы,https://yandex.by/pogoda/telekhany?via=reg
"Тереховка, Тереховский сельсовет",https://yandex.by/pogoda/terehovka?via=reg
Терюха,https://yandex.by/pogoda/teryukha?via=reg
Толочин,https://yandex.by/pogoda/talachyn?via=reg
Туров,https://yandex.by/pogoda/turov?via=reg
Узда,https://yandex.by/pogoda/uzda?via=reg
Улла,https://yandex.by/pogoda/ulla?via=reg
Ушачи,https://yandex.by/pogoda/ushachi?via=reg
Фаниполь,https://yandex.by/pogoda/fanipol?via=reg
Хойники,https://yandex.by/pogoda/khoiniki?via=reg
Хотимск,https://yandex.by/pogoda/khotimsk?via=reg
Чаусы,https://yandex.by/pogoda/chausi?via=reg
Чашники,https://yandex.by/pogoda/chashniki?via=reg
Червень,https://yandex.by/pogoda/cherven?via=reg
Чериков,https://yandex.by/pogoda/cherikov?via=reg
Чечевичи,https://yandex.by/pogoda/chechevichi?via=reg
Чечерск,https://yandex.by/pogoda/chechersk?via=reg
Чёнки,https://yandex.by/pogoda/chyonki?via=reg
Чигиринка,https://yandex.by/pogoda/chigirinka?via=reg
Шарковщина,https://yandex.by/pogoda/sharkovshchina?via=reg
Шклов,https://yandex.by/pogoda/shklov?via=reg
Шумилино,https://yandex.by/pogoda/shumilino?via=reg
Щорсы,https://yandex.by/pogoda/shchorsy?via=reg
Щучин,https://yandex.by/pogoda/shchuchyn?via=reg
Юратишки,https://yandex.by/pogoda/yuratishki?via=reg
Юрга,https://yandex.by/pogoda/yurga?via=reg
Яновичи,https://yandex.by/pogoda/yanovichi?via=reg
Янтарный,https://yandex.by/pogoda/yantarnyj?via=reg
